timestamp,signal,value
2026-01-01 10:00:00,ENGINE_TEMP,94.20216384974731
2026-01-01 10:00:00,RPM,1785.132110875203
2026-01-01 10:00:01,ENGINE_TEMP,96.83697726000779
2026-01-01 10:00:01,RPM,1766.8698828776796
2026-01-01 10:00:02,ENGINE_TEMP,94.06029389215058
2026-01-01 10:00:02,RPM,1915.0853239876017
2026-01-01 10:00:03,ENGINE_TEMP,94.25737177375123
2026-01-01 10:00:03,RPM,1817.1360225747262
2026-01-01 10:00:04,ENGINE_TEMP,96.24457091633887
2026-01-01 10:00:04,RPM,1762.259918378648
2026-01-01 10:00:05,ENGINE_TEMP,94.81287886386656
2026-01-01 10:00:05,RPM,1877.6764943611602
2026-01-01 10:00:06,ENGINE_TEMP,95.28436590311976
2026-01-01 10:00:06,RPM,1845.5059382894704
2026-01-01 10:00:07,ENGINE_TEMP,94.4430304747536
2026-01-01 10:00:07,RPM,1809.7625156975212
2026-01-01 10:00:08,ENGINE_TEMP,92.94394105352993
2026-01-01 10:00:08,RPM,1831.0245856223355
2026-01-01 10:00:09,ENGINE_TEMP,95.9894521001384
2026-01-01 10:00:09,RPM,1765.6306791267905
2026-01-01 10:00:10,ENGINE_TEMP,96.37018506523499
2026-01-01 10:00:10,RPM,1767.487632384489
2026-01-01 10:00:11,ENGINE_TEMP,93.66969756825519
2026-01-01 10:00:11,RPM,1902.8853152950514
2026-01-01 10:00:12,ENGINE_TEMP,95.7024149537677
2026-01-01 10:00:12,RPM,1722.8132315445123
2026-01-01 10:00:13,ENGINE_TEMP,96.06540451861757
2026-01-01 10:00:13,RPM,1805.1670241626107
2026-01-01 10:00:14,ENGINE_TEMP,95.49197689387547
2026-01-01 10:00:14,RPM,1847.2340874425297
2026-01-01 10:00:15,ENGINE_TEMP,94.10563252176325
2026-01-01 10:00:15,RPM,1830.5507495358518
2026-01-01 10:00:16,ENGINE_TEMP,94.48920447718521
2026-01-01 10:00:16,RPM,1803.8442801601905
2026-01-01 10:00:17,ENGINE_TEMP,95.68940138894014
2026-01-01 10:00:17,RPM,1765.9508451515626
2026-01-01 10:00:18,ENGINE_TEMP,95.19400197912023
2026-01-01 10:00:18,RPM,1808.3575453355324
2026-01-01 10:00:19,ENGINE_TEMP,93.95575917835932
2026-01-01 10:00:19,RPM,1822.7699463740225
2026-01-01 10:00:20,ENGINE_TEMP,95.03992723625252
2026-01-01 10:00:20,RPM,1861.0863205959274
2026-01-01 10:00:21,ENGINE_TEMP,93.42048463596794
2026-01-01 10:00:21,RPM,1843.5532158457459
2026-01-01 10:00:22,ENGINE_TEMP,95.88498422766287
2026-01-01 10:00:22,RPM,1828.0220550771942
2026-01-01 10:00:23,ENGINE_TEMP,93.92329909245946
2026-01-01 10:00:23,RPM,1758.350549673406
2026-01-01 10:00:24,ENGINE_TEMP,93.51810804959854
2026-01-01 10:00:24,RPM,1854.8483432985092
2026-01-01 10:00:25,ENGINE_TEMP,93.11772952300429
2026-01-01 10:00:25,RPM,1809.0677851478044
2026-01-01 10:00:26,ENGINE_TEMP,94.54111587108213
2026-01-01 10:00:26,RPM,1854.8703739002078
2026-01-01 10:00:27,ENGINE_TEMP,95.2266703194223
2026-01-01 10:00:27,RPM,1811.936811575475
2026-01-01 10:00:28,ENGINE_TEMP,94.42402428434471
2026-01-01 10:00:28,RPM,1853.229090131236
2026-01-01 10:00:29,ENGINE_TEMP,95.35520721749106
2026-01-01 10:00:29,RPM,1837.354004776605
2026-01-01 10:00:30,ENGINE_TEMP,95.57491594412814
2026-01-01 10:00:30,RPM,1810.1854420214413
2026-01-01 10:00:31,ENGINE_TEMP,93.88429669205935
2026-01-01 10:00:31,RPM,1913.7279643739664
2026-01-01 10:00:32,ENGINE_TEMP,95.42457108574895
2026-01-01 10:00:32,RPM,1769.180610543431
2026-01-01 10:00:33,ENGINE_TEMP,94.20483674447694
2026-01-01 10:00:33,RPM,1795.8436585271986
2026-01-01 10:00:34,ENGINE_TEMP,95.13683115959334
2026-01-01 10:00:34,RPM,1832.2446528434361
2026-01-01 10:00:35,ENGINE_TEMP,94.56633758732416
2026-01-01 10:00:35,RPM,1750.4881876150357
2026-01-01 10:00:36,ENGINE_TEMP,95.44662440526922
2026-01-01 10:00:36,RPM,1807.4252623927746
2026-01-01 10:00:37,ENGINE_TEMP,94.96459592300533
2026-01-01 10:00:37,RPM,1820.7002675736278
2026-01-01 10:00:38,ENGINE_TEMP,94.95336023723088
2026-01-01 10:00:38,RPM,1818.0766200850178
2026-01-01 10:00:39,ENGINE_TEMP,94.72016563520044
2026-01-01 10:00:39,RPM,1796.3310073340197
2026-01-01 10:00:40,ENGINE_TEMP,93.13608933661102
2026-01-01 10:00:40,RPM,1765.487998499168
2026-01-01 10:00:41,ENGINE_TEMP,95.5511054705195
2026-01-01 10:00:41,RPM,1826.9480983761064
2026-01-01 10:00:42,ENGINE_TEMP,95.31694258816346
2026-01-01 10:00:42,RPM,1778.6598731304543
2026-01-01 10:00:43,ENGINE_TEMP,96.06828003138142
2026-01-01 10:00:43,RPM,1757.2650782224653
2026-01-01 10:00:44,ENGINE_TEMP,94.45798398144034
2026-01-01 10:00:44,RPM,1787.75333575171
2026-01-01 10:00:45,ENGINE_TEMP,95.1050679465027
2026-01-01 10:00:45,RPM,1808.6118854249976
2026-01-01 10:00:46,ENGINE_TEMP,94.29921086969757
2026-01-01 10:00:46,RPM,1713.1968721474054
2026-01-01 10:00:47,ENGINE_TEMP,95.14212347963617
2026-01-01 10:00:47,RPM,1776.8643862861852
2026-01-01 10:00:48,ENGINE_TEMP,94.96053588762996
2026-01-01 10:00:48,RPM,1859.556891820051
2026-01-01 10:00:49,ENGINE_TEMP,93.59295141143825
2026-01-01 10:00:49,RPM,1744.7245331446927
2026-01-01 10:00:50,ENGINE_TEMP,93.51018507386924
2026-01-01 10:00:50,RPM,1884.2707500432543
2026-01-01 10:00:51,ENGINE_TEMP,96.29686523122379
2026-01-01 10:00:51,RPM,1835.8767807801335
2026-01-01 10:00:52,ENGINE_TEMP,95.07594472646477
2026-01-01 10:00:52,RPM,1765.3765143003243
2026-01-01 10:00:53,ENGINE_TEMP,95.239768782987
2026-01-01 10:00:53,RPM,1748.184978389625
2026-01-01 10:00:54,ENGINE_TEMP,96.78891163069548
2026-01-01 10:00:54,RPM,1716.1134746510988
2026-01-01 10:00:55,ENGINE_TEMP,94.92077395672591
2026-01-01 10:00:55,RPM,1875.7946638561393
2026-01-01 10:00:56,ENGINE_TEMP,94.82655128067658
2026-01-01 10:00:56,RPM,1796.282378867618
2026-01-01 10:00:57,ENGINE_TEMP,96.09071304710528
2026-01-01 10:00:57,RPM,1841.2593755003836
2026-01-01 10:00:58,ENGINE_TEMP,94.39530726069864
2026-01-01 10:00:58,RPM,1868.185862009013
2026-01-01 10:00:59,ENGINE_TEMP,96.09363635368797
2026-01-01 10:00:59,RPM,1920.1330191058387
2026-01-01 10:01:00,ENGINE_TEMP,93.74753995288194
2026-01-01 10:01:00,RPM,1873.8413159826798
2026-01-01 10:01:01,ENGINE_TEMP,95.27580180490762
2026-01-01 10:01:01,RPM,1829.776403858897
2026-01-01 10:01:02,ENGINE_TEMP,95.27060606056027
2026-01-01 10:01:02,RPM,1791.534575911894
2026-01-01 10:01:03,ENGINE_TEMP,94.74763732208318
2026-01-01 10:01:03,RPM,1852.8064836866927
2026-01-01 10:01:04,ENGINE_TEMP,95.48757556386198
2026-01-01 10:01:04,RPM,1791.962792544392
2026-01-01 10:01:05,ENGINE_TEMP,94.69977434959048
2026-01-01 10:01:05,RPM,1721.3688198185614
2026-01-01 10:01:06,ENGINE_TEMP,93.20810899901834
2026-01-01 10:01:06,RPM,1735.4790466926504
2026-01-01 10:01:07,ENGINE_TEMP,94.3151532574633
2026-01-01 10:01:07,RPM,1846.6157072782842
2026-01-01 10:01:08,ENGINE_TEMP,94.24564826666337
2026-01-01 10:01:08,RPM,1833.6366021073118
2026-01-01 10:01:09,ENGINE_TEMP,95.80985536694614
2026-01-01 10:01:09,RPM,1783.8583080599165
2026-01-01 10:01:10,ENGINE_TEMP,97.01424287507939
2026-01-01 10:01:10,RPM,1764.8566422392137
2026-01-01 10:01:11,ENGINE_TEMP,97.0258682723356
2026-01-01 10:01:11,RPM,1787.9862505161002
2026-01-01 10:01:12,ENGINE_TEMP,95.14909223642466
2026-01-01 10:01:12,RPM,1774.5347233527714
2026-01-01 10:01:13,ENGINE_TEMP,93.86526351279268
2026-01-01 10:01:13,RPM,1774.0588453307935
2026-01-01 10:01:14,ENGINE_TEMP,94.30270409047704
2026-01-01 10:01:14,RPM,1764.5011479948996
2026-01-01 10:01:15,ENGINE_TEMP,94.80937659256405
2026-01-01 10:01:15,RPM,1778.9200467679107
2026-01-01 10:01:16,ENGINE_TEMP,93.9647669986778
2026-01-01 10:01:16,RPM,1871.7187978478732
2026-01-01 10:01:17,ENGINE_TEMP,93.61085660412104
2026-01-01 10:01:17,RPM,1813.9606415921664
2026-01-01 10:01:18,ENGINE_TEMP,95.31552083824414
2026-01-01 10:01:18,RPM,1864.6480483735202
2026-01-01 10:01:19,ENGINE_TEMP,95.21347649616271
2026-01-01 10:01:19,RPM,1768.4279738606915
2026-01-01 10:01:20,ENGINE_TEMP,94.79667316697218
2026-01-01 10:01:20,RPM,1862.2023580804753
2026-01-01 10:01:21,ENGINE_TEMP,95.97410235445949
2026-01-01 10:01:21,RPM,1909.4365370829476
2026-01-01 10:01:22,ENGINE_TEMP,93.38219747883862
2026-01-01 10:01:22,RPM,1826.730931148449
2026-01-01 10:01:23,ENGINE_TEMP,95.35045390302201
2026-01-01 10:01:23,RPM,1799.6139017051378
2026-01-01 10:01:24,ENGINE_TEMP,96.57136266680591
2026-01-01 10:01:24,RPM,1788.030379269993
2026-01-01 10:01:25,ENGINE_TEMP,93.62835813312392
2026-01-01 10:01:25,RPM,1835.9103771310367
2026-01-01 10:01:26,ENGINE_TEMP,95.39165765318852
2026-01-01 10:01:26,RPM,1847.8872274154603
2026-01-01 10:01:27,ENGINE_TEMP,95.76328880684785
2026-01-01 10:01:27,RPM,1806.4155038989127
2026-01-01 10:01:28,ENGINE_TEMP,95.23873228002367
2026-01-01 10:01:28,RPM,1790.2616788522012
2026-01-01 10:01:29,ENGINE_TEMP,95.43871282443179
2026-01-01 10:01:29,RPM,1826.9254960503213
2026-01-01 10:01:30,ENGINE_TEMP,94.27460892822391
2026-01-01 10:01:30,RPM,1856.720656863289
2026-01-01 10:01:31,ENGINE_TEMP,95.30808682886432
2026-01-01 10:01:31,RPM,1763.2395232141384
2026-01-01 10:01:32,ENGINE_TEMP,94.75342649460448
2026-01-01 10:01:32,RPM,1775.637360457438
2026-01-01 10:01:33,ENGINE_TEMP,94.27191754282738
2026-01-01 10:01:33,RPM,1742.69180460073
2026-01-01 10:01:34,ENGINE_TEMP,95.24334488075237
2026-01-01 10:01:34,RPM,1792.4536466250045
2026-01-01 10:01:35,ENGINE_TEMP,94.51327290730478
2026-01-01 10:01:35,RPM,1743.0923297048487
2026-01-01 10:01:36,ENGINE_TEMP,96.99713294565392
2026-01-01 10:01:36,RPM,1761.5683155779623
2026-01-01 10:01:37,ENGINE_TEMP,95.8548655987461
2026-01-01 10:01:37,RPM,1775.0093877445063
2026-01-01 10:01:38,ENGINE_TEMP,94.0384790196551
2026-01-01 10:01:38,RPM,1870.025523346673
2026-01-01 10:01:39,ENGINE_TEMP,94.51571146750852
2026-01-01 10:01:39,RPM,1750.2082493162018
2026-01-01 10:01:40,ENGINE_TEMP,95.96606810883064
2026-01-01 10:01:40,RPM,1745.9985458171832
2026-01-01 10:01:41,ENGINE_TEMP,95.55594980714817
2026-01-01 10:01:41,RPM,1859.8008147324158
2026-01-01 10:01:42,ENGINE_TEMP,94.4115864733517
2026-01-01 10:01:42,RPM,1784.4845431597248
2026-01-01 10:01:43,ENGINE_TEMP,93.9802126235781
2026-01-01 10:01:43,RPM,1790.370998085856
2026-01-01 10:01:44,ENGINE_TEMP,96.29527070766491
2026-01-01 10:01:44,RPM,1764.8817778803866
2026-01-01 10:01:45,ENGINE_TEMP,95.57489782398943
2026-01-01 10:01:45,RPM,1882.3561685733819
2026-01-01 10:01:46,ENGINE_TEMP,96.40574936050348
2026-01-01 10:01:46,RPM,1759.3627255908823
2026-01-01 10:01:47,ENGINE_TEMP,94.08236364583642
2026-01-01 10:01:47,RPM,1785.441082201657
2026-01-01 10:01:48,ENGINE_TEMP,95.36260254979504
2026-01-01 10:01:48,RPM,1745.7315418428357
2026-01-01 10:01:49,ENGINE_TEMP,93.52801737344262
2026-01-01 10:01:49,RPM,1777.7808348278934
2026-01-01 10:01:50,ENGINE_TEMP,95.75324792160403
2026-01-01 10:01:50,RPM,1701.6645956618274
2026-01-01 10:01:51,ENGINE_TEMP,96.06842299716627
2026-01-01 10:01:51,RPM,1838.529675553607
2026-01-01 10:01:52,ENGINE_TEMP,95.03491951331303
2026-01-01 10:01:52,RPM,1888.2191692941096
2026-01-01 10:01:53,ENGINE_TEMP,94.24681151076896
2026-01-01 10:01:53,RPM,1724.021946648618
2026-01-01 10:01:54,ENGINE_TEMP,95.30115026927368
2026-01-01 10:01:54,RPM,1894.6078215753535
2026-01-01 10:01:55,ENGINE_TEMP,95.02268690892474
2026-01-01 10:01:55,RPM,1724.2385889811098
2026-01-01 10:01:56,ENGINE_TEMP,96.11473932031235
2026-01-01 10:01:56,RPM,1864.553411988043
2026-01-01 10:01:57,ENGINE_TEMP,95.19892793141703
2026-01-01 10:01:57,RPM,1867.1342075869518
2026-01-01 10:01:58,ENGINE_TEMP,95.93984570958605
2026-01-01 10:01:58,RPM,1757.2876423715436
2026-01-01 10:01:59,ENGINE_TEMP,95.33366086741526
2026-01-01 10:01:59,RPM,1768.983463137435
2026-01-01 10:02:00,ENGINE_TEMP,104.00585678391694
2026-01-01 10:02:00,RPM,1824.657586196057
2026-01-01 10:02:01,ENGINE_TEMP,102.62227521519738
2026-01-01 10:02:01,RPM,1735.1069071282127
2026-01-01 10:02:02,ENGINE_TEMP,103.14696413826117
2026-01-01 10:02:02,RPM,1793.5232099624805
2026-01-01 10:02:03,ENGINE_TEMP,102.62529703188422
2026-01-01 10:02:03,RPM,1893.5050741771865
2026-01-01 10:02:04,ENGINE_TEMP,101.29369361006007
2026-01-01 10:02:04,RPM,1792.6633813046883
2026-01-01 10:02:05,ENGINE_TEMP,104.51627415161889
2026-01-01 10:02:05,RPM,2292.3306354318374
2026-01-01 10:02:06,ENGINE_TEMP,102.15029765828633
2026-01-01 10:02:06,RPM,2259.324852752316
2026-01-01 10:02:07,ENGINE_TEMP,100.4634570790437
2026-01-01 10:02:07,RPM,2145.1186874210302
2026-01-01 10:02:08,ENGINE_TEMP,102.48719522842454
2026-01-01 10:02:08,RPM,2265.5346184391456
2026-01-01 10:02:09,ENGINE_TEMP,101.24713118617586
2026-01-01 10:02:09,RPM,2239.1831648576417
2026-01-01 10:02:10,ENGINE_TEMP,101.95507289082522
2026-01-01 10:02:10,RPM,2331.5130757585107
2026-01-01 10:02:11,ENGINE_TEMP,104.01069318379447
2026-01-01 10:02:11,RPM,2277.816223285439
2026-01-01 10:02:12,ENGINE_TEMP,100.64097352256763
2026-01-01 10:02:12,RPM,2185.7759530606386
2026-01-01 10:02:13,ENGINE_TEMP,102.12793556189278
2026-01-01 10:02:13,RPM,2275.2739724159355
2026-01-01 10:02:14,ENGINE_TEMP,102.66567186252726
2026-01-01 10:02:14,RPM,2288.9871026629417
2026-01-01 10:02:15,ENGINE_TEMP,101.9699573331989
2026-01-01 10:02:15,RPM,2294.495852006213
2026-01-01 10:02:16,ENGINE_TEMP,104.23335761419592
2026-01-01 10:02:16,RPM,1806.882338436847
2026-01-01 10:02:17,ENGINE_TEMP,101.79287843927887
2026-01-01 10:02:17,RPM,1779.1114729107292
2026-01-01 10:02:18,ENGINE_TEMP,100.06672305934234
2026-01-01 10:02:18,RPM,1749.0290270683297
2026-01-01 10:02:19,ENGINE_TEMP,102.59959259811448
2026-01-01 10:02:19,RPM,1869.5919379696331
2026-01-01 10:02:20,ENGINE_TEMP,100.97215112424946
2026-01-01 10:02:20,RPM,1859.7213633680306
2026-01-01 10:02:21,ENGINE_TEMP,95.08115718467279
2026-01-01 10:02:21,RPM,1759.6616613498823
2026-01-01 10:02:22,ENGINE_TEMP,94.20172780745273
2026-01-01 10:02:22,RPM,1885.9845497150536
2026-01-01 10:02:23,ENGINE_TEMP,94.11133322332158
2026-01-01 10:02:23,RPM,1779.9285926076175
2026-01-01 10:02:24,ENGINE_TEMP,93.42832979357355
2026-01-01 10:02:24,RPM,1792.152886305722
2026-01-01 10:02:25,ENGINE_TEMP,94.99677498774734
2026-01-01 10:02:25,RPM,1805.4692404736545
2026-01-01 10:02:26,ENGINE_TEMP,94.67676947687275
2026-01-01 10:02:26,RPM,1764.0103367406482
2026-01-01 10:02:27,ENGINE_TEMP,95.15530512887624
2026-01-01 10:02:27,RPM,1799.9261376085951
2026-01-01 10:02:28,ENGINE_TEMP,94.33397034281197
2026-01-01 10:02:28,RPM,1784.4662593149264
2026-01-01 10:02:29,ENGINE_TEMP,95.95927664248661
2026-01-01 10:02:29,RPM,1869.5476449130213
2026-01-01 10:02:30,ENGINE_TEMP,95.50595249773986
2026-01-01 10:02:30,RPM,1781.2200416105845
2026-01-01 10:02:31,ENGINE_TEMP,94.13882718335141
2026-01-01 10:02:31,RPM,1850.4049481894017
2026-01-01 10:02:32,ENGINE_TEMP,94.76668168746092
2026-01-01 10:02:32,RPM,1852.344656822754
2026-01-01 10:02:33,ENGINE_TEMP,95.21557160277148
2026-01-01 10:02:33,RPM,1800.9441584253323
2026-01-01 10:02:34,ENGINE_TEMP,95.23414309996421
2026-01-01 10:02:34,RPM,1811.0753315446343
2026-01-01 10:02:35,ENGINE_TEMP,95.83858288908503
2026-01-01 10:02:35,RPM,1736.377167810742
2026-01-01 10:02:36,ENGINE_TEMP,94.9301353007956
2026-01-01 10:02:36,RPM,1738.834261102128
2026-01-01 10:02:37,ENGINE_TEMP,95.84601102340444
2026-01-01 10:02:37,RPM,1855.1080402517202
2026-01-01 10:02:38,ENGINE_TEMP,95.33311071802433
2026-01-01 10:02:38,RPM,1803.2662342768322
2026-01-01 10:02:39,ENGINE_TEMP,94.48167216235763
2026-01-01 10:02:39,RPM,1781.7669518701562
2026-01-01 10:02:40,ENGINE_TEMP,94.57879805664616
2026-01-01 10:02:40,RPM,1846.4800390471532
2026-01-01 10:02:41,ENGINE_TEMP,95.15678552991886
2026-01-01 10:02:41,RPM,1877.9419122015302
2026-01-01 10:02:42,ENGINE_TEMP,96.12485132293246
2026-01-01 10:02:42,RPM,1763.9610897154705
2026-01-01 10:02:43,ENGINE_TEMP,96.85961525043216
2026-01-01 10:02:43,RPM,1766.7008846670876
2026-01-01 10:02:44,ENGINE_TEMP,95.39941165327471
2026-01-01 10:02:44,RPM,1792.4905870482596
2026-01-01 10:02:45,ENGINE_TEMP,95.14113423373212
2026-01-01 10:02:45,RPM,1834.6489122669173
2026-01-01 10:02:46,ENGINE_TEMP,93.55665149982714
2026-01-01 10:02:46,RPM,1914.7888802130751
2026-01-01 10:02:47,ENGINE_TEMP,94.53318015082336
2026-01-01 10:02:47,RPM,1776.3076258355843
2026-01-01 10:02:48,ENGINE_TEMP,94.56503923549467
2026-01-01 10:02:48,RPM,1838.4390773010264
2026-01-01 10:02:49,ENGINE_TEMP,93.74233136743747
2026-01-01 10:02:49,RPM,1846.4671658514264
2026-01-01 10:02:50,ENGINE_TEMP,93.22750526374969
2026-01-01 10:02:50,RPM,1839.5713389881087
2026-01-01 10:02:51,ENGINE_TEMP,95.30218464440317
2026-01-01 10:02:51,RPM,1838.2110133917731
2026-01-01 10:02:52,ENGINE_TEMP,96.75103363543093
2026-01-01 10:02:52,RPM,1793.1589464970689
2026-01-01 10:02:53,ENGINE_TEMP,93.33999086018484
2026-01-01 10:02:53,RPM,1738.3501211523524
2026-01-01 10:02:54,ENGINE_TEMP,94.88122985382711
2026-01-01 10:02:54,RPM,1874.8398058177595
2026-01-01 10:02:55,ENGINE_TEMP,94.20589802156039
2026-01-01 10:02:55,RPM,1716.763789194894
2026-01-01 10:02:56,ENGINE_TEMP,94.9666305953456
2026-01-01 10:02:56,RPM,1864.387963597919
2026-01-01 10:02:57,ENGINE_TEMP,95.64190108481583
2026-01-01 10:02:57,RPM,1803.646149807788
2026-01-01 10:02:58,ENGINE_TEMP,96.10836459570882
2026-01-01 10:02:58,RPM,1863.8026203214881
2026-01-01 10:02:59,ENGINE_TEMP,94.03280552328691
2026-01-01 10:02:59,RPM,1718.3684417126995
2026-01-01 10:03:00,ENGINE_TEMP,95.32642158433895
2026-01-01 10:03:00,RPM,1794.502113728233
2026-01-01 10:03:01,ENGINE_TEMP,94.275138209281
2026-01-01 10:03:01,RPM,1846.9483059621627
2026-01-01 10:03:02,ENGINE_TEMP,95.85665632560281
2026-01-01 10:03:02,RPM,1773.5862911345544
2026-01-01 10:03:03,ENGINE_TEMP,95.09219434044378
2026-01-01 10:03:03,RPM,1752.7910483579415
2026-01-01 10:03:04,ENGINE_TEMP,95.07004283986724
2026-01-01 10:03:04,RPM,1750.0000872346448
2026-01-01 10:03:05,ENGINE_TEMP,92.28370485584581
2026-01-01 10:03:05,RPM,1813.9004570394807
2026-01-01 10:03:06,ENGINE_TEMP,94.01716084819508
2026-01-01 10:03:06,RPM,1741.082709267192
2026-01-01 10:03:07,ENGINE_TEMP,95.16341324875717
2026-01-01 10:03:07,RPM,1852.5678858083968
2026-01-01 10:03:08,ENGINE_TEMP,94.8522069548954
2026-01-01 10:03:08,RPM,1784.8215191445124
2026-01-01 10:03:09,ENGINE_TEMP,94.9133476740544
2026-01-01 10:03:09,RPM,1759.5125172945693
2026-01-01 10:03:10,ENGINE_TEMP,93.59558232203959
2026-01-01 10:03:10,RPM,1911.642657299314
2026-01-01 10:03:11,ENGINE_TEMP,94.46405566348083
2026-01-01 10:03:11,RPM,1780.7515167383376
2026-01-01 10:03:12,ENGINE_TEMP,95.99684635779946
2026-01-01 10:03:12,RPM,1835.808144557232
2026-01-01 10:03:13,ENGINE_TEMP,94.26157403381076
2026-01-01 10:03:13,RPM,1833.7028501273414
2026-01-01 10:03:14,ENGINE_TEMP,94.85135300774738
2026-01-01 10:03:14,RPM,1779.1883638929544
2026-01-01 10:03:15,ENGINE_TEMP,95.39681214396346
2026-01-01 10:03:15,RPM,1668.187861784638
2026-01-01 10:03:16,ENGINE_TEMP,94.66020373597753
2026-01-01 10:03:16,RPM,1754.1253051543524
2026-01-01 10:03:17,ENGINE_TEMP,96.57421754264527
2026-01-01 10:03:17,RPM,1794.1055310371098
2026-01-01 10:03:18,ENGINE_TEMP,96.08124823546751
2026-01-01 10:03:18,RPM,1811.198386586767
2026-01-01 10:03:19,ENGINE_TEMP,96.22737138026616
2026-01-01 10:03:19,RPM,1725.7590805946434
2026-01-01 10:03:20,ENGINE_TEMP,95.45574348063283
2026-01-01 10:03:20,RPM,1810.4092895790843
2026-01-01 10:03:21,ENGINE_TEMP,96.75077914577301
2026-01-01 10:03:21,RPM,1789.343127596345
2026-01-01 10:03:22,ENGINE_TEMP,95.21015253078913
2026-01-01 10:03:22,RPM,1820.0971763877253
2026-01-01 10:03:23,ENGINE_TEMP,94.68226232952091
2026-01-01 10:03:23,RPM,1880.0548263600224
2026-01-01 10:03:24,ENGINE_TEMP,95.85586782939434
2026-01-01 10:03:24,RPM,1837.3337773963192
2026-01-01 10:03:25,ENGINE_TEMP,94.83341018566372
2026-01-01 10:03:25,RPM,1712.6570342729167
2026-01-01 10:03:26,ENGINE_TEMP,95.26302251988511
2026-01-01 10:03:26,RPM,1832.478096335158
2026-01-01 10:03:27,ENGINE_TEMP,94.27954625415344
2026-01-01 10:03:27,RPM,1754.1734333964816
2026-01-01 10:03:28,ENGINE_TEMP,95.67119400629451
2026-01-01 10:03:28,RPM,1737.9766388147916
2026-01-01 10:03:29,ENGINE_TEMP,94.27100823174746
2026-01-01 10:03:29,RPM,1810.7753100383377
2026-01-01 10:03:30,ENGINE_TEMP,95.65678278115006
2026-01-01 10:03:30,RPM,1758.5607500019264
2026-01-01 10:03:31,ENGINE_TEMP,95.13995045372121
2026-01-01 10:03:31,RPM,1790.295789787627
2026-01-01 10:03:32,ENGINE_TEMP,95.62584645088603
2026-01-01 10:03:32,RPM,1781.5372873063516
2026-01-01 10:03:33,ENGINE_TEMP,94.19116898665995
2026-01-01 10:03:33,RPM,1770.884283716723
2026-01-01 10:03:34,ENGINE_TEMP,95.92278375005199
2026-01-01 10:03:34,RPM,1729.8845079308016
2026-01-01 10:03:35,ENGINE_TEMP,94.94713380461452
2026-01-01 10:03:35,RPM,1845.2996339273745
2026-01-01 10:03:36,ENGINE_TEMP,93.66255947308937
2026-01-01 10:03:36,RPM,1771.5522515790192
2026-01-01 10:03:37,ENGINE_TEMP,94.02757696474397
2026-01-01 10:03:37,RPM,1794.3763623424513
2026-01-01 10:03:38,ENGINE_TEMP,95.15749618625732
2026-01-01 10:03:38,RPM,1836.2380644494908
2026-01-01 10:03:39,ENGINE_TEMP,96.17569738471842
2026-01-01 10:03:39,RPM,1764.0950910747902
2026-01-01 10:03:40,ENGINE_TEMP,95.61344493204508
2026-01-01 10:03:40,RPM,1826.1917607010785
2026-01-01 10:03:41,ENGINE_TEMP,94.83227248742084
2026-01-01 10:03:41,RPM,1787.36095233586
2026-01-01 10:03:42,ENGINE_TEMP,95.54547156228939
2026-01-01 10:03:42,RPM,1820.0095161617537
2026-01-01 10:03:43,ENGINE_TEMP,92.99240327775925
2026-01-01 10:03:43,RPM,1697.2497618234963
2026-01-01 10:03:44,ENGINE_TEMP,94.97523635031513
2026-01-01 10:03:44,RPM,1712.2245276224928
2026-01-01 10:03:45,ENGINE_TEMP,94.32728382475027
2026-01-01 10:03:45,RPM,1792.6244482449972
2026-01-01 10:03:46,ENGINE_TEMP,92.98015137261207
2026-01-01 10:03:46,RPM,1799.6650665670732
2026-01-01 10:03:47,ENGINE_TEMP,95.61374786340666
2026-01-01 10:03:47,RPM,1850.867747632559
2026-01-01 10:03:48,ENGINE_TEMP,94.85109637883538
2026-01-01 10:03:48,RPM,1799.0997201591251
2026-01-01 10:03:49,ENGINE_TEMP,95.81960265346675
2026-01-01 10:03:49,RPM,1768.984732813152
2026-01-01 10:03:50,ENGINE_TEMP,94.83261698943973
2026-01-01 10:03:50,RPM,1785.9988960473142
2026-01-01 10:03:51,ENGINE_TEMP,95.95602837098984
2026-01-01 10:03:51,RPM,1824.1595336662706
2026-01-01 10:03:52,ENGINE_TEMP,94.828640500135
2026-01-01 10:03:52,RPM,1749.636138636974
2026-01-01 10:03:53,ENGINE_TEMP,94.85074217834071
2026-01-01 10:03:53,RPM,1831.1991408851366
2026-01-01 10:03:54,ENGINE_TEMP,94.38160109039453
2026-01-01 10:03:54,RPM,1744.0204158208046
2026-01-01 10:03:55,ENGINE_TEMP,94.32307654242082
2026-01-01 10:03:55,RPM,1712.1994523404544
2026-01-01 10:03:56,ENGINE_TEMP,95.49013302851479
2026-01-01 10:03:56,RPM,1815.3687269518095
2026-01-01 10:03:57,ENGINE_TEMP,93.77048586739336
2026-01-01 10:03:57,RPM,1844.9179270924662
2026-01-01 10:03:58,ENGINE_TEMP,94.50036652358719
2026-01-01 10:03:58,RPM,1763.75616509
2026-01-01 10:03:59,ENGINE_TEMP,94.92770106857492
2026-01-01 10:03:59,RPM,1822.1233530274171
2026-01-01 10:04:00,ENGINE_TEMP,95.42556053672345
2026-01-01 10:04:00,RPM,1763.920543889446
2026-01-01 10:04:01,ENGINE_TEMP,95.70268050934723
2026-01-01 10:04:01,RPM,1757.4706676525789
2026-01-01 10:04:02,ENGINE_TEMP,94.97139873388156
2026-01-01 10:04:02,RPM,1734.9987201338206
2026-01-01 10:04:03,ENGINE_TEMP,95.19346575412428
2026-01-01 10:04:03,RPM,1826.1827109525693
2026-01-01 10:04:04,ENGINE_TEMP,95.13961610963457
2026-01-01 10:04:04,RPM,1913.5676633227756
2026-01-01 10:04:05,ENGINE_TEMP,95.17545129333156
2026-01-01 10:04:05,RPM,1879.5218356657542
2026-01-01 10:04:06,ENGINE_TEMP,94.66227715709564
2026-01-01 10:04:06,RPM,1786.1476690378743
2026-01-01 10:04:07,ENGINE_TEMP,93.36815392601123
2026-01-01 10:04:07,RPM,1830.1809350485034
2026-01-01 10:04:08,ENGINE_TEMP,95.68119346084747
2026-01-01 10:04:08,RPM,1765.3651444804148
2026-01-01 10:04:09,ENGINE_TEMP,95.05154863768004
2026-01-01 10:04:09,RPM,1876.4007766451027
2026-01-01 10:04:10,ENGINE_TEMP,93.89122115661512
2026-01-01 10:04:10,RPM,1788.4787498641936
2026-01-01 10:04:11,ENGINE_TEMP,95.40802143393522
2026-01-01 10:04:11,RPM,1802.5303146820813
2026-01-01 10:04:12,ENGINE_TEMP,96.21954269433462
2026-01-01 10:04:12,RPM,1772.435915328188
2026-01-01 10:04:13,ENGINE_TEMP,95.45225543855736
2026-01-01 10:04:13,RPM,1694.4198603709137
2026-01-01 10:04:14,ENGINE_TEMP,96.15078164762308
2026-01-01 10:04:14,RPM,1815.7413597644015
2026-01-01 10:04:15,ENGINE_TEMP,94.18720253758816
2026-01-01 10:04:15,RPM,1843.7879981538526
2026-01-01 10:04:16,ENGINE_TEMP,93.25754860510742
2026-01-01 10:04:16,RPM,1792.2327580135277
2026-01-01 10:04:17,ENGINE_TEMP,94.94510824458273
2026-01-01 10:04:17,RPM,1774.8990718550513
2026-01-01 10:04:18,ENGINE_TEMP,94.17539966140215
2026-01-01 10:04:18,RPM,1830.7071035260565
2026-01-01 10:04:19,ENGINE_TEMP,94.13678941147735
2026-01-01 10:04:19,RPM,1806.1921984963126
2026-01-01 10:04:20,ENGINE_TEMP,97.44988358695625
2026-01-01 10:04:20,RPM,1850.9526487864298
2026-01-01 10:04:21,ENGINE_TEMP,96.42256401660737
2026-01-01 10:04:21,RPM,1863.5856572060577
2026-01-01 10:04:22,ENGINE_TEMP,94.1712540584068
2026-01-01 10:04:22,RPM,1837.1236642788804
2026-01-01 10:04:23,ENGINE_TEMP,95.12550223599357
2026-01-01 10:04:23,RPM,1869.0394277438372
2026-01-01 10:04:24,ENGINE_TEMP,94.78687964133688
2026-01-01 10:04:24,RPM,1801.6113428337762
2026-01-01 10:04:25,ENGINE_TEMP,93.89273647760282
2026-01-01 10:04:25,RPM,1825.939947438022
2026-01-01 10:04:26,ENGINE_TEMP,96.40138973902064
2026-01-01 10:04:26,RPM,1751.5127033909337
2026-01-01 10:04:27,ENGINE_TEMP,94.27156165088915
2026-01-01 10:04:27,RPM,1673.9690562098879
2026-01-01 10:04:28,ENGINE_TEMP,93.50036593470145
2026-01-01 10:04:28,RPM,1838.76681853443
2026-01-01 10:04:29,ENGINE_TEMP,94.44718667719803
2026-01-01 10:04:29,RPM,1724.4901257501256
2026-01-01 10:04:30,ENGINE_TEMP,95.24894754727109
2026-01-01 10:04:30,RPM,1813.1625500930077
2026-01-01 10:04:31,ENGINE_TEMP,96.45194364303293
2026-01-01 10:04:31,RPM,1771.7118133364143
2026-01-01 10:04:32,ENGINE_TEMP,94.50978337169293
2026-01-01 10:04:32,RPM,1811.6763476498459
2026-01-01 10:04:33,ENGINE_TEMP,94.21387489221809
2026-01-01 10:04:33,RPM,1775.9373848376456
2026-01-01 10:04:34,ENGINE_TEMP,96.83162802789826
2026-01-01 10:04:34,RPM,1715.2626854887055
2026-01-01 10:04:35,ENGINE_TEMP,94.75382213632487
2026-01-01 10:04:35,RPM,1829.101341358853
2026-01-01 10:04:36,ENGINE_TEMP,95.43727674386221
2026-01-01 10:04:36,RPM,1826.8437143855267
2026-01-01 10:04:37,ENGINE_TEMP,95.93776811118933
2026-01-01 10:04:37,RPM,1842.6439528310743
2026-01-01 10:04:38,ENGINE_TEMP,95.9170697639887
2026-01-01 10:04:38,RPM,1747.062895094663
2026-01-01 10:04:39,ENGINE_TEMP,94.9299740682871
2026-01-01 10:04:39,RPM,1841.8964732964905
2026-01-01 10:04:40,ENGINE_TEMP,94.22566501841027
2026-01-01 10:04:40,RPM,1819.8850849652115
2026-01-01 10:04:41,ENGINE_TEMP,95.44556202861301
2026-01-01 10:04:41,RPM,1735.0963305695602
2026-01-01 10:04:42,ENGINE_TEMP,93.68624741385705
2026-01-01 10:04:42,RPM,1745.5522206423652
2026-01-01 10:04:43,ENGINE_TEMP,94.0953354673593
2026-01-01 10:04:43,RPM,1806.9153137245878
2026-01-01 10:04:44,ENGINE_TEMP,96.2343400851457
2026-01-01 10:04:44,RPM,1770.4752336779497
2026-01-01 10:04:45,ENGINE_TEMP,94.8988072251388
2026-01-01 10:04:45,RPM,1765.1414914018478
2026-01-01 10:04:46,ENGINE_TEMP,94.29662790703995
2026-01-01 10:04:46,RPM,1683.8123381860812
2026-01-01 10:04:47,ENGINE_TEMP,94.43810672488799
2026-01-01 10:04:47,RPM,1802.9793313529265
2026-01-01 10:04:48,ENGINE_TEMP,94.46138542233437
2026-01-01 10:04:48,RPM,1868.401677863806
2026-01-01 10:04:49,ENGINE_TEMP,94.48862952899073
2026-01-01 10:04:49,RPM,1766.0480849599107
2026-01-01 10:04:50,ENGINE_TEMP,94.24824776703626
2026-01-01 10:04:50,RPM,1805.4147723872843
2026-01-01 10:04:51,ENGINE_TEMP,94.61250656547833
2026-01-01 10:04:51,RPM,1832.7404530816136
2026-01-01 10:04:52,ENGINE_TEMP,93.60825264594234
2026-01-01 10:04:52,RPM,1807.8575331025013
2026-01-01 10:04:53,ENGINE_TEMP,95.61215513809516
2026-01-01 10:04:53,RPM,1837.3174638635967
2026-01-01 10:04:54,ENGINE_TEMP,94.59765584169597
2026-01-01 10:04:54,RPM,1818.2659295516792
2026-01-01 10:04:55,ENGINE_TEMP,95.12640948620802
2026-01-01 10:04:55,RPM,1846.5281587097716
2026-01-01 10:04:56,ENGINE_TEMP,96.55936977449181
2026-01-01 10:04:56,RPM,1849.6439354381448
2026-01-01 10:04:57,ENGINE_TEMP,92.47352512058305
2026-01-01 10:04:57,RPM,1798.9625361035821
2026-01-01 10:04:58,ENGINE_TEMP,94.1243023759787
2026-01-01 10:04:58,RPM,1789.5469975467688
2026-01-01 10:04:59,ENGINE_TEMP,94.83561558977757
2026-01-01 10:04:59,RPM,1908.797570018348
2026-01-01 10:05:00,ENGINE_TEMP,100.67434862668416
2026-01-01 10:05:00,RPM,1754.2165676601442
2026-01-01 10:05:01,ENGINE_TEMP,102.23406903253958
2026-01-01 10:05:01,RPM,1817.3247235483052
2026-01-01 10:05:02,ENGINE_TEMP,102.3855775453947
2026-01-01 10:05:02,RPM,1835.2601520288774
2026-01-01 10:05:03,ENGINE_TEMP,102.38636726664852
2026-01-01 10:05:03,RPM,1729.8473680422182
2026-01-01 10:05:04,ENGINE_TEMP,102.8535785728469
2026-01-01 10:05:04,RPM,1826.9478320115245
2026-01-01 10:05:05,ENGINE_TEMP,101.74640563221296
2026-01-01 10:05:05,RPM,2192.7258030743164
2026-01-01 10:05:06,ENGINE_TEMP,101.57480512531039
2026-01-01 10:05:06,RPM,2244.6732071287493
2026-01-01 10:05:07,ENGINE_TEMP,102.87908001872819
2026-01-01 10:05:07,RPM,2185.2367439238305
2026-01-01 10:05:08,ENGINE_TEMP,102.94431525129883
2026-01-01 10:05:08,RPM,2201.9219773629884
2026-01-01 10:05:09,ENGINE_TEMP,100.69265365991906
2026-01-01 10:05:09,RPM,2247.6701892082538
2026-01-01 10:05:10,ENGINE_TEMP,100.74172369829196
2026-01-01 10:05:10,RPM,2154.8275824274006
2026-01-01 10:05:11,ENGINE_TEMP,101.54428137257246
2026-01-01 10:05:11,RPM,2223.9883789693117
2026-01-01 10:05:12,ENGINE_TEMP,101.26426559784579
2026-01-01 10:05:12,RPM,2306.2474675015687
2026-01-01 10:05:13,ENGINE_TEMP,102.64820330686528
2026-01-01 10:05:13,RPM,2162.0715981749904
2026-01-01 10:05:14,ENGINE_TEMP,101.86602227856302
2026-01-01 10:05:14,RPM,2167.398055937092
2026-01-01 10:05:15,ENGINE_TEMP,102.25758845379158
2026-01-01 10:05:15,RPM,2222.1284220524144
2026-01-01 10:05:16,ENGINE_TEMP,103.5467805267549
2026-01-01 10:05:16,RPM,1769.458040865824
2026-01-01 10:05:17,ENGINE_TEMP,101.93471482236502
2026-01-01 10:05:17,RPM,1784.2782368472467
2026-01-01 10:05:18,ENGINE_TEMP,101.78896385185098
2026-01-01 10:05:18,RPM,1816.7652270956494
2026-01-01 10:05:19,ENGINE_TEMP,101.61392685362793
2026-01-01 10:05:19,RPM,1887.7797375810815
2026-01-01 10:05:20,ENGINE_TEMP,100.14600659844545
2026-01-01 10:05:20,RPM,1781.4269080467318
2026-01-01 10:05:21,ENGINE_TEMP,100.58446101747495
2026-01-01 10:05:21,RPM,1806.5942439778696
2026-01-01 10:05:22,ENGINE_TEMP,103.13753986420306
2026-01-01 10:05:22,RPM,1797.9594218423956
2026-01-01 10:05:23,ENGINE_TEMP,103.11710401296432
2026-01-01 10:05:23,RPM,1761.993378441825
2026-01-01 10:05:24,ENGINE_TEMP,101.99352020272458
2026-01-01 10:05:24,RPM,1809.269825772612
2026-01-01 10:05:25,ENGINE_TEMP,102.68825061495943
2026-01-01 10:05:25,RPM,1808.17604209047
2026-01-01 10:05:26,ENGINE_TEMP,102.76747135701989
2026-01-01 10:05:26,RPM,1740.0116750195905
2026-01-01 10:05:27,ENGINE_TEMP,102.09599100434424
2026-01-01 10:05:27,RPM,1767.752896207271
2026-01-01 10:05:28,ENGINE_TEMP,101.62625815737204
2026-01-01 10:05:28,RPM,1799.2382465375454
2026-01-01 10:05:29,ENGINE_TEMP,101.71399112971146
2026-01-01 10:05:29,RPM,1864.7522930282053
2026-01-01 10:05:30,ENGINE_TEMP,100.65875287551842
2026-01-01 10:05:30,RPM,1778.908408815557
2026-01-01 10:05:31,ENGINE_TEMP,95.81125152365833
2026-01-01 10:05:31,RPM,1766.5397128048282
2026-01-01 10:05:32,ENGINE_TEMP,96.37991284478191
2026-01-01 10:05:32,RPM,1779.5197183235807
2026-01-01 10:05:33,ENGINE_TEMP,94.1729886549538
2026-01-01 10:05:33,RPM,1940.917574306999
2026-01-01 10:05:34,ENGINE_TEMP,95.53400937647321
2026-01-01 10:05:34,RPM,1788.0695564787165
2026-01-01 10:05:35,ENGINE_TEMP,95.16302248164602
2026-01-01 10:05:35,RPM,1783.7046591612068
2026-01-01 10:05:36,ENGINE_TEMP,94.73868800073744
2026-01-01 10:05:36,RPM,1794.4470823196427
2026-01-01 10:05:37,ENGINE_TEMP,94.17338962223037
2026-01-01 10:05:37,RPM,1826.5548926455324
2026-01-01 10:05:38,ENGINE_TEMP,94.43369597734198
2026-01-01 10:05:38,RPM,1863.45568121139
2026-01-01 10:05:39,ENGINE_TEMP,94.72779786722846
2026-01-01 10:05:39,RPM,1757.0066231784206
2026-01-01 10:05:40,ENGINE_TEMP,94.49220727634889
2026-01-01 10:05:40,RPM,1779.5333580110246
2026-01-01 10:05:41,ENGINE_TEMP,94.4877181413228
2026-01-01 10:05:41,RPM,1800.8288984385376
2026-01-01 10:05:42,ENGINE_TEMP,96.45151194501331
2026-01-01 10:05:42,RPM,1776.6017211754504
2026-01-01 10:05:43,ENGINE_TEMP,95.90699860024651
2026-01-01 10:05:43,RPM,1833.145144903072
2026-01-01 10:05:44,ENGINE_TEMP,95.77681218148736
2026-01-01 10:05:44,RPM,1808.7364554173053
2026-01-01 10:05:45,ENGINE_TEMP,95.82743471036936
2026-01-01 10:05:45,RPM,1864.3266795311717
2026-01-01 10:05:46,ENGINE_TEMP,96.25810268757228
2026-01-01 10:05:46,RPM,1817.714974231849
2026-01-01 10:05:47,ENGINE_TEMP,96.35958593673071
2026-01-01 10:05:47,RPM,1874.8617774875818
2026-01-01 10:05:48,ENGINE_TEMP,96.16030010317492
2026-01-01 10:05:48,RPM,1723.2170098088627
2026-01-01 10:05:49,ENGINE_TEMP,96.2968634355908
2026-01-01 10:05:49,RPM,1858.9953001048345
2026-01-01 10:05:50,ENGINE_TEMP,94.71303413243923
2026-01-01 10:05:50,RPM,1916.0085352867493
2026-01-01 10:05:51,ENGINE_TEMP,95.50171242232368
2026-01-01 10:05:51,RPM,1749.7658693346632
2026-01-01 10:05:52,ENGINE_TEMP,94.97545158040741
2026-01-01 10:05:52,RPM,1780.1603832499122
2026-01-01 10:05:53,ENGINE_TEMP,94.97904225640934
2026-01-01 10:05:53,RPM,1745.1831614492962
2026-01-01 10:05:54,ENGINE_TEMP,94.35949672096355
2026-01-01 10:05:54,RPM,1770.4262646461018
2026-01-01 10:05:55,ENGINE_TEMP,92.32369482217769
2026-01-01 10:05:55,RPM,1755.7270534239776
2026-01-01 10:05:56,ENGINE_TEMP,93.84319650382008
2026-01-01 10:05:56,RPM,1844.0284191651517
2026-01-01 10:05:57,ENGINE_TEMP,94.34288284646021
2026-01-01 10:05:57,RPM,1775.064764525056
2026-01-01 10:05:58,ENGINE_TEMP,96.16091705203291
2026-01-01 10:05:58,RPM,1749.4797996709808
2026-01-01 10:05:59,ENGINE_TEMP,95.62191695789986
2026-01-01 10:05:59,RPM,1704.2252709824816
2026-01-01 10:06:00,ENGINE_TEMP,96.23479733440563
2026-01-01 10:06:00,RPM,1794.8201524100045
2026-01-01 10:06:01,ENGINE_TEMP,93.85538461249645
2026-01-01 10:06:01,RPM,1850.706887613797
2026-01-01 10:06:02,ENGINE_TEMP,95.81715729840376
2026-01-01 10:06:02,RPM,1783.3346114361032
2026-01-01 10:06:03,ENGINE_TEMP,95.00200440613177
2026-01-01 10:06:03,RPM,1776.8587903381463
2026-01-01 10:06:04,ENGINE_TEMP,95.74098180429009
2026-01-01 10:06:04,RPM,1837.2948275469287
2026-01-01 10:06:05,ENGINE_TEMP,94.674216437098
2026-01-01 10:06:05,RPM,1842.9615947790635
2026-01-01 10:06:06,ENGINE_TEMP,94.8414999506797
2026-01-01 10:06:06,RPM,1772.1359685324696
2026-01-01 10:06:07,ENGINE_TEMP,95.16351601131595
2026-01-01 10:06:07,RPM,1744.3584209224525
2026-01-01 10:06:08,ENGINE_TEMP,95.94265520002585
2026-01-01 10:06:08,RPM,1787.6084307798521
2026-01-01 10:06:09,ENGINE_TEMP,93.77905447796503
2026-01-01 10:06:09,RPM,1889.421026588151
2026-01-01 10:06:10,ENGINE_TEMP,94.1877209775987
2026-01-01 10:06:10,RPM,1784.9014833668148
2026-01-01 10:06:11,ENGINE_TEMP,95.0218336857866
2026-01-01 10:06:11,RPM,1804.1220096101138
2026-01-01 10:06:12,ENGINE_TEMP,95.87070936965912
2026-01-01 10:06:12,RPM,1802.900734730814
2026-01-01 10:06:13,ENGINE_TEMP,95.31960433494379
2026-01-01 10:06:13,RPM,1844.0620675291368
2026-01-01 10:06:14,ENGINE_TEMP,93.82531106658163
2026-01-01 10:06:14,RPM,1816.8774955776382
2026-01-01 10:06:15,ENGINE_TEMP,95.0203863436899
2026-01-01 10:06:15,RPM,1753.4891821398398
2026-01-01 10:06:16,ENGINE_TEMP,95.3935600453259
2026-01-01 10:06:16,RPM,1827.299352074676
2026-01-01 10:06:17,ENGINE_TEMP,95.6001463659077
2026-01-01 10:06:17,RPM,1801.6464737922613
2026-01-01 10:06:18,ENGINE_TEMP,94.3730510754713
2026-01-01 10:06:18,RPM,1733.0592459763075
2026-01-01 10:06:19,ENGINE_TEMP,93.1738811712444
2026-01-01 10:06:19,RPM,1733.7184219603585
2026-01-01 10:06:20,ENGINE_TEMP,94.708689212029
2026-01-01 10:06:20,RPM,1840.046712416104
2026-01-01 10:06:21,ENGINE_TEMP,95.48770839089478
2026-01-01 10:06:21,RPM,1784.527858209656
2026-01-01 10:06:22,ENGINE_TEMP,93.06078024553852
2026-01-01 10:06:22,RPM,1896.300073865656
2026-01-01 10:06:23,ENGINE_TEMP,95.11710976777826
2026-01-01 10:06:23,RPM,1731.8711935336607
2026-01-01 10:06:24,ENGINE_TEMP,93.67200855677356
2026-01-01 10:06:24,RPM,1845.4578334794273
2026-01-01 10:06:25,ENGINE_TEMP,93.45254624271979
2026-01-01 10:06:25,RPM,1761.9034027849787
2026-01-01 10:06:26,ENGINE_TEMP,97.39215172044517
2026-01-01 10:06:26,RPM,1814.8085620688605
2026-01-01 10:06:27,ENGINE_TEMP,95.02544817913018
2026-01-01 10:06:27,RPM,1852.0758929342285
2026-01-01 10:06:28,ENGINE_TEMP,94.81328767327695
2026-01-01 10:06:28,RPM,1811.7745668305404
2026-01-01 10:06:29,ENGINE_TEMP,95.80452061023453
2026-01-01 10:06:29,RPM,1815.2396971314179
2026-01-01 10:06:30,ENGINE_TEMP,94.56004266717535
2026-01-01 10:06:30,RPM,1784.0341366566906
2026-01-01 10:06:31,ENGINE_TEMP,94.90555099777093
2026-01-01 10:06:31,RPM,1707.5463747158788
2026-01-01 10:06:32,ENGINE_TEMP,94.09535304491845
2026-01-01 10:06:32,RPM,1814.0208541869417
2026-01-01 10:06:33,ENGINE_TEMP,95.03688760639784
2026-01-01 10:06:33,RPM,1822.4608240261703
2026-01-01 10:06:34,ENGINE_TEMP,95.34387374370093
2026-01-01 10:06:34,RPM,1763.5349869876945
2026-01-01 10:06:35,ENGINE_TEMP,94.9207540807226
2026-01-01 10:06:35,RPM,1793.1651842234648
2026-01-01 10:06:36,ENGINE_TEMP,96.14505200924563
2026-01-01 10:06:36,RPM,1740.4491830263712
2026-01-01 10:06:37,ENGINE_TEMP,94.32552384840997
2026-01-01 10:06:37,RPM,1842.694355570334
2026-01-01 10:06:38,ENGINE_TEMP,96.87124158377574
2026-01-01 10:06:38,RPM,1775.5373550472832
2026-01-01 10:06:39,ENGINE_TEMP,94.64462120058911
2026-01-01 10:06:39,RPM,1873.001706774271
2026-01-01 10:06:40,ENGINE_TEMP,94.66957798999415
2026-01-01 10:06:40,RPM,1876.2058753632368
2026-01-01 10:06:41,ENGINE_TEMP,95.11776246740288
2026-01-01 10:06:41,RPM,1707.8823107046996
2026-01-01 10:06:42,ENGINE_TEMP,94.4340699543187
2026-01-01 10:06:42,RPM,1819.4849346490676
2026-01-01 10:06:43,ENGINE_TEMP,96.33689692563466
2026-01-01 10:06:43,RPM,1751.672125778761
2026-01-01 10:06:44,ENGINE_TEMP,94.43806073453413
2026-01-01 10:06:44,RPM,1827.4536308355969
2026-01-01 10:06:45,ENGINE_TEMP,96.29088473202228
2026-01-01 10:06:45,RPM,1708.4882006894786
2026-01-01 10:06:46,ENGINE_TEMP,95.33781534603436
2026-01-01 10:06:46,RPM,1753.1395553450673
2026-01-01 10:06:47,ENGINE_TEMP,93.11621437146613
2026-01-01 10:06:47,RPM,1792.3600228746252
2026-01-01 10:06:48,ENGINE_TEMP,93.02505390787582
2026-01-01 10:06:48,RPM,1804.5312404699673
2026-01-01 10:06:49,ENGINE_TEMP,94.99833172591967
2026-01-01 10:06:49,RPM,1835.8810691282722
2026-01-01 10:06:50,ENGINE_TEMP,93.88982940571049
2026-01-01 10:06:50,RPM,1822.3978653771528
2026-01-01 10:06:51,ENGINE_TEMP,95.31578257346621
2026-01-01 10:06:51,RPM,1791.676687471492
2026-01-01 10:06:52,ENGINE_TEMP,95.24977679998943
2026-01-01 10:06:52,RPM,1788.0882518925562
2026-01-01 10:06:53,ENGINE_TEMP,95.32969253392898
2026-01-01 10:06:53,RPM,1839.1068317392333
2026-01-01 10:06:54,ENGINE_TEMP,95.14217335197363
2026-01-01 10:06:54,RPM,1726.813537887118
2026-01-01 10:06:55,ENGINE_TEMP,95.0105049608172
2026-01-01 10:06:55,RPM,1917.7134604697862
2026-01-01 10:06:56,ENGINE_TEMP,95.53704260728881
2026-01-01 10:06:56,RPM,1827.0034785021294
2026-01-01 10:06:57,ENGINE_TEMP,95.2890247887355
2026-01-01 10:06:57,RPM,1824.735557055786
2026-01-01 10:06:58,ENGINE_TEMP,92.24618321460046
2026-01-01 10:06:58,RPM,1850.829467724119
2026-01-01 10:06:59,ENGINE_TEMP,95.26690827319071
2026-01-01 10:06:59,RPM,1833.2394145654496
2026-01-01 10:07:00,ENGINE_TEMP,94.88817600955667
2026-01-01 10:07:00,RPM,1833.3954747884516
2026-01-01 10:07:01,ENGINE_TEMP,95.68348119999322
2026-01-01 10:07:01,RPM,1852.141498754455
2026-01-01 10:07:02,ENGINE_TEMP,94.89446473121843
2026-01-01 10:07:02,RPM,1845.4517559071955
2026-01-01 10:07:03,ENGINE_TEMP,95.56535663759676
2026-01-01 10:07:03,RPM,1830.8598122423637
2026-01-01 10:07:04,ENGINE_TEMP,95.27063341093587
2026-01-01 10:07:04,RPM,1847.982313067841
2026-01-01 10:07:05,ENGINE_TEMP,95.49445591271306
2026-01-01 10:07:05,RPM,1776.565837864988
2026-01-01 10:07:06,ENGINE_TEMP,94.85377482511004
2026-01-01 10:07:06,RPM,1719.9571352202488
2026-01-01 10:07:07,ENGINE_TEMP,95.57722458244831
2026-01-01 10:07:07,RPM,1750.3600605594443
2026-01-01 10:07:08,ENGINE_TEMP,95.56436043903625
2026-01-01 10:07:08,RPM,1749.8097444473617
2026-01-01 10:07:09,ENGINE_TEMP,95.08393248296683
2026-01-01 10:07:09,RPM,1829.1706192293432
2026-01-01 10:07:10,ENGINE_TEMP,94.81192011935795
2026-01-01 10:07:10,RPM,1791.8942098699076
2026-01-01 10:07:11,ENGINE_TEMP,94.60326549750202
2026-01-01 10:07:11,RPM,1837.0906035712128
2026-01-01 10:07:12,ENGINE_TEMP,94.94624587877973
2026-01-01 10:07:12,RPM,1782.4977188582127
2026-01-01 10:07:13,ENGINE_TEMP,94.26076162527663
2026-01-01 10:07:13,RPM,1789.1154897727984
2026-01-01 10:07:14,ENGINE_TEMP,94.76089657525016
2026-01-01 10:07:14,RPM,1750.7427690548134
2026-01-01 10:07:15,ENGINE_TEMP,94.71672731885786
2026-01-01 10:07:15,RPM,1775.4530084217306
2026-01-01 10:07:16,ENGINE_TEMP,94.74361352823702
2026-01-01 10:07:16,RPM,1748.8785090466174
2026-01-01 10:07:17,ENGINE_TEMP,96.09672003012393
2026-01-01 10:07:17,RPM,1901.9693122827175
2026-01-01 10:07:18,ENGINE_TEMP,93.881098505094
2026-01-01 10:07:18,RPM,1830.768384807617
2026-01-01 10:07:19,ENGINE_TEMP,94.45872715469172
2026-01-01 10:07:19,RPM,1730.6634437027774
2026-01-01 10:07:20,ENGINE_TEMP,94.18149114346939
2026-01-01 10:07:20,RPM,1714.3605410552584
2026-01-01 10:07:21,ENGINE_TEMP,95.53907514839672
2026-01-01 10:07:21,RPM,1766.779637364696
2026-01-01 10:07:22,ENGINE_TEMP,94.28983563872676
2026-01-01 10:07:22,RPM,1807.3864371522934
2026-01-01 10:07:23,ENGINE_TEMP,95.10999464778183
2026-01-01 10:07:23,RPM,1779.9400496565102
2026-01-01 10:07:24,ENGINE_TEMP,94.55600715447714
2026-01-01 10:07:24,RPM,1729.8146395132812
2026-01-01 10:07:25,ENGINE_TEMP,95.88558227623544
2026-01-01 10:07:25,RPM,1759.3785602075918
2026-01-01 10:07:26,ENGINE_TEMP,94.06277675816139
2026-01-01 10:07:26,RPM,1808.7614183078044
2026-01-01 10:07:27,ENGINE_TEMP,94.91868678161941
2026-01-01 10:07:27,RPM,1824.7500787275358
2026-01-01 10:07:28,ENGINE_TEMP,95.84112229260775
2026-01-01 10:07:28,RPM,1799.2053548025456
2026-01-01 10:07:29,ENGINE_TEMP,95.41707429115691
2026-01-01 10:07:29,RPM,1872.3373961436914
2026-01-01 10:07:30,ENGINE_TEMP,94.55175605413527
2026-01-01 10:07:30,RPM,1894.936996874381
2026-01-01 10:07:31,ENGINE_TEMP,96.43517411451643
2026-01-01 10:07:31,RPM,1820.233557464537
2026-01-01 10:07:32,ENGINE_TEMP,92.86140936659898
2026-01-01 10:07:32,RPM,1680.9288675688215
2026-01-01 10:07:33,ENGINE_TEMP,95.11159198926549
2026-01-01 10:07:33,RPM,1766.5701285328653
2026-01-01 10:07:34,ENGINE_TEMP,97.27889163316661
2026-01-01 10:07:34,RPM,1852.9747250299329
2026-01-01 10:07:35,ENGINE_TEMP,94.43507956212851
2026-01-01 10:07:35,RPM,1798.0147755711866
2026-01-01 10:07:36,ENGINE_TEMP,93.766808443394
2026-01-01 10:07:36,RPM,1769.5977376047936
2026-01-01 10:07:37,ENGINE_TEMP,95.03841025612144
2026-01-01 10:07:37,RPM,1767.8469311399765
2026-01-01 10:07:38,ENGINE_TEMP,95.85925997094404
2026-01-01 10:07:38,RPM,1787.5807782078489
2026-01-01 10:07:39,ENGINE_TEMP,97.5326194083656
2026-01-01 10:07:39,RPM,1801.1830776468416
2026-01-01 10:07:40,ENGINE_TEMP,95.72866010791265
2026-01-01 10:07:40,RPM,1764.6935787588982
2026-01-01 10:07:41,ENGINE_TEMP,96.8215796215315
2026-01-01 10:07:41,RPM,1823.6526873931946
2026-01-01 10:07:42,ENGINE_TEMP,95.15154225299615
2026-01-01 10:07:42,RPM,1735.4502559774432
2026-01-01 10:07:43,ENGINE_TEMP,94.2284920229785
2026-01-01 10:07:43,RPM,1831.2666700782336
2026-01-01 10:07:44,ENGINE_TEMP,95.2632741825043
2026-01-01 10:07:44,RPM,1769.5156165538099
2026-01-01 10:07:45,ENGINE_TEMP,95.7688779297369
2026-01-01 10:07:45,RPM,1808.5316323394838
2026-01-01 10:07:46,ENGINE_TEMP,95.68405164560723
2026-01-01 10:07:46,RPM,1892.8516256253622
2026-01-01 10:07:47,ENGINE_TEMP,93.60278760103674
2026-01-01 10:07:47,RPM,1810.089859535778
2026-01-01 10:07:48,ENGINE_TEMP,93.96133378610827
2026-01-01 10:07:48,RPM,1839.4071057930262
2026-01-01 10:07:49,ENGINE_TEMP,96.8071135774993
2026-01-01 10:07:49,RPM,1768.0619034396354
2026-01-01 10:07:50,ENGINE_TEMP,95.3333045953142
2026-01-01 10:07:50,RPM,1817.122940790952
2026-01-01 10:07:51,ENGINE_TEMP,95.15107723946356
2026-01-01 10:07:51,RPM,1772.869237956166
2026-01-01 10:07:52,ENGINE_TEMP,94.42843514825408
2026-01-01 10:07:52,RPM,1750.913806764373
2026-01-01 10:07:53,ENGINE_TEMP,95.99967423736877
2026-01-01 10:07:53,RPM,1765.2215223419435
2026-01-01 10:07:54,ENGINE_TEMP,96.1965902640145
2026-01-01 10:07:54,RPM,1708.7314723270838
2026-01-01 10:07:55,ENGINE_TEMP,95.08886458452452
2026-01-01 10:07:55,RPM,1884.4309485241304
2026-01-01 10:07:56,ENGINE_TEMP,94.24713134252187
2026-01-01 10:07:56,RPM,1818.6412996322754
2026-01-01 10:07:57,ENGINE_TEMP,96.76540525221331
2026-01-01 10:07:57,RPM,1718.7249782385045
2026-01-01 10:07:58,ENGINE_TEMP,94.13706830376692
2026-01-01 10:07:58,RPM,1695.919705796318
2026-01-01 10:07:59,ENGINE_TEMP,95.44364824261966
2026-01-01 10:07:59,RPM,1807.4364744773832
2026-01-01 10:08:00,ENGINE_TEMP,95.21559913602523
2026-01-01 10:08:00,RPM,1787.628094132043
2026-01-01 10:08:01,ENGINE_TEMP,95.20172507429655
2026-01-01 10:08:01,RPM,1840.6067900255644
2026-01-01 10:08:02,ENGINE_TEMP,95.9515067060793
2026-01-01 10:08:02,RPM,1816.69749866949
2026-01-01 10:08:03,ENGINE_TEMP,95.06151023745636
2026-01-01 10:08:03,RPM,1838.8947986857386
2026-01-01 10:08:04,ENGINE_TEMP,93.70906170501428
2026-01-01 10:08:04,RPM,1722.9232713982974
2026-01-01 10:08:05,ENGINE_TEMP,96.35141975912782
2026-01-01 10:08:05,RPM,1779.3947720884732
2026-01-01 10:08:06,ENGINE_TEMP,93.421116432255
2026-01-01 10:08:06,RPM,1866.5556627102305
2026-01-01 10:08:07,ENGINE_TEMP,94.76188461305352
2026-01-01 10:08:07,RPM,1824.6685350842927
2026-01-01 10:08:08,ENGINE_TEMP,94.01002200918185
2026-01-01 10:08:08,RPM,1869.0855334893765
2026-01-01 10:08:09,ENGINE_TEMP,94.98720408271481
2026-01-01 10:08:09,RPM,1788.970220177284
2026-01-01 10:08:10,ENGINE_TEMP,94.99160688188034
2026-01-01 10:08:10,RPM,1817.7960030840322
2026-01-01 10:08:11,ENGINE_TEMP,95.4952181100731
2026-01-01 10:08:11,RPM,1812.0409874511442
2026-01-01 10:08:12,ENGINE_TEMP,94.03358669486363
2026-01-01 10:08:12,RPM,1798.41735372095
2026-01-01 10:08:13,ENGINE_TEMP,94.40001775432474
2026-01-01 10:08:13,RPM,1751.4051753088663
2026-01-01 10:08:14,ENGINE_TEMP,94.41022460457808
2026-01-01 10:08:14,RPM,1739.8939169265968
2026-01-01 10:08:15,ENGINE_TEMP,95.79447960506164
2026-01-01 10:08:15,RPM,1780.9088742313875
2026-01-01 10:08:16,ENGINE_TEMP,94.13078603365643
2026-01-01 10:08:16,RPM,1784.1944238482104
2026-01-01 10:08:17,ENGINE_TEMP,94.62313414589092
2026-01-01 10:08:17,RPM,1835.809505619005
2026-01-01 10:08:18,ENGINE_TEMP,93.3175801820145
2026-01-01 10:08:18,RPM,1768.2797327163603
2026-01-01 10:08:19,ENGINE_TEMP,95.26587570332
2026-01-01 10:08:19,RPM,1881.653989433882
2026-01-01 10:08:20,ENGINE_TEMP,97.24864246053099
2026-01-01 10:08:20,RPM,1857.2916745531143
2026-01-01 10:08:21,ENGINE_TEMP,95.41353851798858
2026-01-01 10:08:21,RPM,1806.1252301838365
2026-01-01 10:08:22,ENGINE_TEMP,96.87971872748406
2026-01-01 10:08:22,RPM,1762.4441650871358
2026-01-01 10:08:23,ENGINE_TEMP,95.08531010531873
2026-01-01 10:08:23,RPM,1815.1592711363496
2026-01-01 10:08:24,ENGINE_TEMP,96.5515687160817
2026-01-01 10:08:24,RPM,1818.1668874849736
2026-01-01 10:08:25,ENGINE_TEMP,95.615232882441
2026-01-01 10:08:25,RPM,1800.972017304327
2026-01-01 10:08:26,ENGINE_TEMP,94.50588215460513
2026-01-01 10:08:26,RPM,1815.2459397135858
2026-01-01 10:08:27,ENGINE_TEMP,95.63733889047474
2026-01-01 10:08:27,RPM,1807.3176691927313
2026-01-01 10:08:28,ENGINE_TEMP,95.94138724791028
2026-01-01 10:08:28,RPM,1799.7984535403154
2026-01-01 10:08:29,ENGINE_TEMP,94.22225420708907
2026-01-01 10:08:29,RPM,1795.738555064223
2026-01-01 10:08:30,ENGINE_TEMP,94.65236643507961
2026-01-01 10:08:30,RPM,1879.2170243569228
2026-01-01 10:08:31,ENGINE_TEMP,97.6690963279465
2026-01-01 10:08:31,RPM,1707.9666334445426
2026-01-01 10:08:32,ENGINE_TEMP,96.2074663263631
2026-01-01 10:08:32,RPM,1749.869426258237
2026-01-01 10:08:33,ENGINE_TEMP,95.67189780482305
2026-01-01 10:08:33,RPM,1782.6738715152042
2026-01-01 10:08:34,ENGINE_TEMP,93.84610611453176
2026-01-01 10:08:34,RPM,1825.4398811081505
2026-01-01 10:08:35,ENGINE_TEMP,93.98577624813882
2026-01-01 10:08:35,RPM,1775.465680265588
2026-01-01 10:08:36,ENGINE_TEMP,94.41799715073623
2026-01-01 10:08:36,RPM,1900.4131301603686
2026-01-01 10:08:37,ENGINE_TEMP,96.68051980189801
2026-01-01 10:08:37,RPM,1759.7342201121423
2026-01-01 10:08:38,ENGINE_TEMP,95.02315002904106
2026-01-01 10:08:38,RPM,1816.479827895214
2026-01-01 10:08:39,ENGINE_TEMP,91.71247221592506
2026-01-01 10:08:39,RPM,1776.8215200442744
2026-01-01 10:08:40,ENGINE_TEMP,95.09482410918139
2026-01-01 10:08:40,RPM,1964.2854715756964
2026-01-01 10:08:41,ENGINE_TEMP,96.63080454675344
2026-01-01 10:08:41,RPM,1737.6746142844422
2026-01-01 10:08:42,ENGINE_TEMP,94.57170057619052
2026-01-01 10:08:42,RPM,1750.9790244873177
2026-01-01 10:08:43,ENGINE_TEMP,94.67509422069561
2026-01-01 10:08:43,RPM,1873.6878869742668
2026-01-01 10:08:44,ENGINE_TEMP,95.83282920964155
2026-01-01 10:08:44,RPM,1806.056244769006
2026-01-01 10:08:45,ENGINE_TEMP,95.33480702499332
2026-01-01 10:08:45,RPM,1684.1198532347182
2026-01-01 10:08:46,ENGINE_TEMP,94.3374328418706
2026-01-01 10:08:46,RPM,1736.2607639975151
2026-01-01 10:08:47,ENGINE_TEMP,93.30326298819428
2026-01-01 10:08:47,RPM,1852.7202843085204
2026-01-01 10:08:48,ENGINE_TEMP,95.86632771203756
2026-01-01 10:08:48,RPM,1893.3192901972295
2026-01-01 10:08:49,ENGINE_TEMP,96.45318147414626
2026-01-01 10:08:49,RPM,1755.4673274813217
2026-01-01 10:08:50,ENGINE_TEMP,94.53385399102626
2026-01-01 10:08:50,RPM,1835.0947511641089
2026-01-01 10:08:51,ENGINE_TEMP,95.01267382101541
2026-01-01 10:08:51,RPM,1778.5685955832655
2026-01-01 10:08:52,ENGINE_TEMP,94.11651727503944
2026-01-01 10:08:52,RPM,1846.7330658498656
2026-01-01 10:08:53,ENGINE_TEMP,96.67669960817895
2026-01-01 10:08:53,RPM,1770.560531498804
2026-01-01 10:08:54,ENGINE_TEMP,94.27546182927519
2026-01-01 10:08:54,RPM,1818.9957279184505
2026-01-01 10:08:55,ENGINE_TEMP,95.38512216326207
2026-01-01 10:08:55,RPM,1814.694492363609
2026-01-01 10:08:56,ENGINE_TEMP,96.23092870535703
2026-01-01 10:08:56,RPM,1849.2037923602084
2026-01-01 10:08:57,ENGINE_TEMP,95.31702117868572
2026-01-01 10:08:57,RPM,1822.570687129648
2026-01-01 10:08:58,ENGINE_TEMP,94.24200010239448
2026-01-01 10:08:58,RPM,1748.0420783405866
2026-01-01 10:08:59,ENGINE_TEMP,94.0837033906248
2026-01-01 10:08:59,RPM,1842.1717649651596
2026-01-01 10:09:00,ENGINE_TEMP,94.78951465526815
2026-01-01 10:09:00,RPM,1796.2102424343125
2026-01-01 10:09:01,ENGINE_TEMP,95.21847209201714
2026-01-01 10:09:01,RPM,1761.9045005684154
2026-01-01 10:09:02,ENGINE_TEMP,96.88160146020252
2026-01-01 10:09:02,RPM,1850.313227121437
2026-01-01 10:09:03,ENGINE_TEMP,94.46212274670629
2026-01-01 10:09:03,RPM,1812.2370205684633
2026-01-01 10:09:04,ENGINE_TEMP,94.25001556289799
2026-01-01 10:09:04,RPM,1727.0670322866845
2026-01-01 10:09:05,ENGINE_TEMP,94.56065286307746
2026-01-01 10:09:05,RPM,1753.0566541152002
2026-01-01 10:09:06,ENGINE_TEMP,94.49033118296866
2026-01-01 10:09:06,RPM,1788.5649627520768
2026-01-01 10:09:07,ENGINE_TEMP,93.48749695041947
2026-01-01 10:09:07,RPM,1787.7321311837618
2026-01-01 10:09:08,ENGINE_TEMP,96.41285965692448
2026-01-01 10:09:08,RPM,1777.7444721815752
2026-01-01 10:09:09,ENGINE_TEMP,93.2103436825308
2026-01-01 10:09:09,RPM,1806.6370026691504
2026-01-01 10:09:10,ENGINE_TEMP,95.03122444433724
2026-01-01 10:09:10,RPM,1867.5804100919609
2026-01-01 10:09:11,ENGINE_TEMP,96.59583201653149
2026-01-01 10:09:11,RPM,1798.4407128340174
2026-01-01 10:09:12,ENGINE_TEMP,95.71584838442789
2026-01-01 10:09:12,RPM,1777.1113913031966
2026-01-01 10:09:13,ENGINE_TEMP,94.59282651773441
2026-01-01 10:09:13,RPM,1783.430076143634
2026-01-01 10:09:14,ENGINE_TEMP,96.65466353319914
2026-01-01 10:09:14,RPM,1768.2210152172681
2026-01-01 10:09:15,ENGINE_TEMP,95.85315297413808
2026-01-01 10:09:15,RPM,1820.6527977456426
2026-01-01 10:09:16,ENGINE_TEMP,94.75229435848246
2026-01-01 10:09:16,RPM,1780.351784921469
2026-01-01 10:09:17,ENGINE_TEMP,94.53855728788027
2026-01-01 10:09:17,RPM,1734.6264363858154
2026-01-01 10:09:18,ENGINE_TEMP,92.08833234838795
2026-01-01 10:09:18,RPM,1823.6114221977505
2026-01-01 10:09:19,ENGINE_TEMP,95.52476817423435
2026-01-01 10:09:19,RPM,1818.8093460214432
2026-01-01 10:09:20,ENGINE_TEMP,93.84924383711682
2026-01-01 10:09:20,RPM,1696.1288987512853
2026-01-01 10:09:21,ENGINE_TEMP,96.48436728416023
2026-01-01 10:09:21,RPM,1799.0556965057865
2026-01-01 10:09:22,ENGINE_TEMP,95.47073238027635
2026-01-01 10:09:22,RPM,1730.7500199663143
2026-01-01 10:09:23,ENGINE_TEMP,93.87395741319085
2026-01-01 10:09:23,RPM,1773.5674469011658
2026-01-01 10:09:24,ENGINE_TEMP,95.13552346678732
2026-01-01 10:09:24,RPM,1770.3902569627348
2026-01-01 10:09:25,ENGINE_TEMP,94.81738810217045
2026-01-01 10:09:25,RPM,1839.0452021282533
2026-01-01 10:09:26,ENGINE_TEMP,95.48850609728083
2026-01-01 10:09:26,RPM,1637.6724060950337
2026-01-01 10:09:27,ENGINE_TEMP,93.48726254278667
2026-01-01 10:09:27,RPM,1830.9072960205901
2026-01-01 10:09:28,ENGINE_TEMP,95.30296541039357
2026-01-01 10:09:28,RPM,1812.0191181400667
2026-01-01 10:09:29,ENGINE_TEMP,94.03254649928361
2026-01-01 10:09:29,RPM,1841.7881599713214
2026-01-01 10:09:30,ENGINE_TEMP,96.68776010760854
2026-01-01 10:09:30,RPM,1712.413023864613
2026-01-01 10:09:31,ENGINE_TEMP,94.5092357328811
2026-01-01 10:09:31,RPM,1759.945627031848
2026-01-01 10:09:32,ENGINE_TEMP,96.22904397758481
2026-01-01 10:09:32,RPM,1792.4580882853177
2026-01-01 10:09:33,ENGINE_TEMP,95.42444764330322
2026-01-01 10:09:33,RPM,1825.9606545125353
2026-01-01 10:09:34,ENGINE_TEMP,96.47694961416262
2026-01-01 10:09:34,RPM,1820.531876054263
2026-01-01 10:09:35,ENGINE_TEMP,94.64330667015221
2026-01-01 10:09:35,RPM,1789.56102211576
2026-01-01 10:09:36,ENGINE_TEMP,94.03481269516425
2026-01-01 10:09:36,RPM,1812.428983494643
2026-01-01 10:09:37,ENGINE_TEMP,95.87033829794338
2026-01-01 10:09:37,RPM,1733.598911709897
2026-01-01 10:09:38,ENGINE_TEMP,95.86911062884602
2026-01-01 10:09:38,RPM,1768.0876928409634
2026-01-01 10:09:39,ENGINE_TEMP,95.70530367545122
2026-01-01 10:09:39,RPM,1759.313404409747
2026-01-01 10:09:40,ENGINE_TEMP,94.63016523806292
2026-01-01 10:09:40,RPM,1853.397282837377
2026-01-01 10:09:41,ENGINE_TEMP,95.23807483069778
2026-01-01 10:09:41,RPM,1779.9974866451525
2026-01-01 10:09:42,ENGINE_TEMP,95.15435903779253
2026-01-01 10:09:42,RPM,1733.1272494491734
2026-01-01 10:09:43,ENGINE_TEMP,93.9697574274177
2026-01-01 10:09:43,RPM,1805.1990751905878
2026-01-01 10:09:44,ENGINE_TEMP,95.1624653866206
2026-01-01 10:09:44,RPM,1710.720722543758
2026-01-01 10:09:45,ENGINE_TEMP,94.84880794422224
2026-01-01 10:09:45,RPM,1859.1706949099387
2026-01-01 10:09:46,ENGINE_TEMP,94.2963277977563
2026-01-01 10:09:46,RPM,1809.7572072111504
2026-01-01 10:09:47,ENGINE_TEMP,95.98350367133652
2026-01-01 10:09:47,RPM,1826.285344494861
2026-01-01 10:09:48,ENGINE_TEMP,96.01659546121432
2026-01-01 10:09:48,RPM,1811.6515170942014
2026-01-01 10:09:49,ENGINE_TEMP,93.51717735987994
2026-01-01 10:09:49,RPM,1831.2562248139989
2026-01-01 10:09:50,ENGINE_TEMP,94.86496243122636
2026-01-01 10:09:50,RPM,1769.621007208455
2026-01-01 10:09:51,ENGINE_TEMP,95.0906463726488
2026-01-01 10:09:51,RPM,1876.6509055048805
2026-01-01 10:09:52,ENGINE_TEMP,95.56253199916372
2026-01-01 10:09:52,RPM,1778.869530887289
2026-01-01 10:09:53,ENGINE_TEMP,94.40133575280562
2026-01-01 10:09:53,RPM,1763.769903079787
2026-01-01 10:09:54,ENGINE_TEMP,95.96986981145403
2026-01-01 10:09:54,RPM,1729.574301364125
2026-01-01 10:09:55,ENGINE_TEMP,95.78357474798199
2026-01-01 10:09:55,RPM,1704.104459815461
2026-01-01 10:09:56,ENGINE_TEMP,95.0874938910752
2026-01-01 10:09:56,RPM,1770.5919648390882
2026-01-01 10:09:57,ENGINE_TEMP,94.7729863320059
2026-01-01 10:09:57,RPM,1679.2084605906466
2026-01-01 10:09:58,ENGINE_TEMP,94.60856109071277
2026-01-01 10:09:58,RPM,1721.085375741988
2026-01-01 10:09:59,ENGINE_TEMP,96.56222868383195
2026-01-01 10:09:59,RPM,1745.760805377771
